{"textures":{"0":"bettermodel:item/a","1":"bettermodel:item/b","2":"bettermodel:item/c","particle":"bettermodel:item/a"},"elements":[{"from":[9.588363,6.1639347,-2.6544113],"to":[11.162133,9.311476,2.0669003],"faces":{"north":{"uv":[3.390625,1.703125,3.4375,1.796875],"tintindex":0,"texture":"#0"},"east":{"uv":[3.25,1.703125,3.390625,1.796875],"tintindex":0,"texture":"#0"},"south":{"uv":[3.578125,1.703125,3.625,1.796875],"tintindex":0,"texture":"#0"},"west":{"uv":[3.4375,1.703125,3.578125,1.796875],"tintindex":0,"texture":"#0"},"up":{"uv":[3.4375,1.703125,3.390625,1.5625],"tintindex":0,"texture":"#0"},"down":{"uv":[3.484375,1.5625,3.4375,1.703125],"tintindex":0,"texture":"#0"}}},{"from":[11.030986,4.0655737,-3.7035913],"to":[11.030986,6.1639347,2.0669003],"faces":{"north":{"uv":[15.828125,15.875,15.828125,15.9375],"tintindex":0,"texture":"#0"},"east":{"uv":[15.65625,15.875,15.828125,15.9375],"tintindex":0,"texture":"#0"},"south":{"uv":[16.0,15.875,16.0,15.9375],"tintindex":0,"texture":"#0"},"west":{"uv":[15.828125,15.875,16.0,15.9375],"tintindex":0,"texture":"#0"},"up":{"uv":[15.828125,15.875,15.828125,15.703125],"tintindex":0,"texture":"#0"},"down":{"uv":[15.828125,15.703125,15.828125,15.875],"tintindex":0,"texture":"#0"}}},{"from":[9.588363,6.1639347,-4.228182],"to":[11.162133,8.131147,-2.6544113],"faces":{"north":{"uv":[0.046875,0.046875,0.09375,0.09375],"tintindex":0,"texture":"#0"},"east":{"uv":[0.0,0.046875,0.046875,0.09375],"tintindex":0,"texture":"#0"},"south":{"uv":[0.140625,0.046875,0.1875,0.09375],"tintindex":0,"texture":"#0"},"west":{"uv":[0.09375,0.046875,0.140625,0.09375],"tintindex":0,"texture":"#0"},"up":{"uv":[0.09375,0.046875,0.046875,0.0],"tintindex":0,"texture":"#0"},"down":{"uv":[0.140625,0.0,0.09375,0.046875],"tintindex":0,"texture":"#0"}}},{"from":[9.588363,7.7377048,-3.7035913],"to":[11.162133,8.262295,-2.6544113],"faces":{"north":{"uv":[0.03125,0.28125,0.078125,0.296875],"tintindex":0,"texture":"#0"},"east":{"uv":[0.0,0.28125,0.03125,0.296875],"tintindex":0,"texture":"#0"},"south":{"uv":[0.109375,0.28125,0.15625,0.296875],"tintindex":0,"texture":"#0"},"west":{"uv":[0.078125,0.28125,0.109375,0.296875],"tintindex":0,"texture":"#0"},"up":{"uv":[0.078125,0.28125,0.03125,0.25],"tintindex":0,"texture":"#0"},"down":{"uv":[0.125,0.25,0.078125,0.28125],"tintindex":0,"texture":"#0"}}}],"display":{"fixed":{"rotation":[0.0,7.5000005,0.0]}}}