{"textures":{"0":"bettermodel:item/a","particle":"bettermodel:item/a"},"elements":[{"from":[4.5750847,6.1639347,1.934617],"to":[8.247215,10.360656,10.32806],"faces":{"north":{"uv":[2.1875,8.140625,2.296875,8.265625],"tintindex":0,"texture":"#0"},"east":{"uv":[1.9375,8.140625,2.1875,8.265625],"tintindex":0,"texture":"#0"},"south":{"uv":[2.546875,8.140625,2.65625,8.265625],"tintindex":0,"texture":"#0"},"west":{"uv":[2.296875,8.140625,2.546875,8.265625],"tintindex":0,"texture":"#0"},"up":{"uv":[2.296875,8.140625,2.1875,7.890625],"tintindex":0,"texture":"#0"},"down":{"uv":[2.40625,7.890625,2.296875,8.140625],"tintindex":0,"texture":"#0"}}},{"from":[4.5750847,10.360656,7.180519],"to":[8.247215,11.409836,10.32806],"faces":{"north":{"uv":[0.75,7.109375,0.859375,7.140625],"tintindex":0,"texture":"#0"},"east":{"uv":[0.65625,7.109375,0.75,7.140625],"tintindex":0,"texture":"#0"},"south":{"uv":[0.953125,7.109375,1.0625,7.140625],"tintindex":0,"texture":"#0"},"west":{"uv":[0.859375,7.109375,0.953125,7.140625],"tintindex":0,"texture":"#0"},"up":{"uv":[0.859375,7.109375,0.75,7.015625],"tintindex":0,"texture":"#0"},"down":{"uv":[0.96875,7.015625,0.859375,7.109375],"tintindex":0,"texture":"#0"}}}],"display":{"fixed":{"rotation":[0.0,-5.0000005,0.0]}}}