{"textures":{"0":"bettermodel:item/a","particle":"bettermodel:item/a"},"elements":[{"from":[6.420984,6.158689,-3.0216396],"to":[9.579017,9.316722,2.7593443],"faces":{"north":{"uv":[2.5,2.578125,2.59375,2.671875],"tintindex":0,"texture":"#0"},"east":{"uv":[2.328125,2.578125,2.5,2.671875],"tintindex":0,"texture":"#0"},"south":{"uv":[2.765625,2.578125,2.859375,2.671875],"tintindex":0,"texture":"#0"},"west":{"uv":[2.59375,2.578125,2.765625,2.671875],"tintindex":0,"texture":"#0"},"up":{"uv":[2.59375,2.578125,2.5,2.40625],"tintindex":0,"texture":"#0"},"down":{"uv":[2.6875,2.40625,2.59375,2.578125],"tintindex":0,"texture":"#0"}}},{"from":[6.420984,6.158689,-4.59541],"to":[9.579017,8.136394,-3.0111477],"faces":{"north":{"uv":[1.671875,2.625,1.765625,2.671875],"tintindex":0,"texture":"#0"},"east":{"uv":[1.625,2.625,1.671875,2.671875],"tintindex":0,"texture":"#0"},"south":{"uv":[1.8125,2.625,1.90625,2.671875],"tintindex":0,"texture":"#0"},"west":{"uv":[1.765625,2.625,1.8125,2.671875],"tintindex":0,"texture":"#0"},"up":{"uv":[1.765625,2.625,1.671875,2.578125],"tintindex":0,"texture":"#0"},"down":{"uv":[1.859375,2.578125,1.765625,2.625],"tintindex":0,"texture":"#0"}}},{"from":[6.552131,4.060328,-4.4642625],"to":[9.447869,6.1691804,-3.9291804],"faces":{"north":{"uv":[15.828125,15.8125,15.90625,15.875],"tintindex":0,"texture":"#0"},"east":{"uv":[15.8125,15.8125,15.828125,15.875],"tintindex":0,"texture":"#0"},"south":{"uv":[15.921875,15.8125,16.0,15.875],"tintindex":0,"texture":"#0"},"west":{"uv":[15.90625,15.8125,15.921875,15.875],"tintindex":0,"texture":"#0"},"up":{"uv":[15.90625,15.8125,15.828125,15.796875],"tintindex":0,"texture":"#0"},"down":{"uv":[15.984375,15.796875,15.90625,15.8125],"tintindex":0,"texture":"#0"}}},{"from":[5.114754,4.590164,2.7540984],"to":[10.885246,6.1639347,10.09836],"faces":{"north":{"uv":[8.078125,8.1875,8.25,8.234375],"tintindex":0,"texture":"#0"},"east":{"uv":[7.859375,8.1875,8.078125,8.234375],"tintindex":0,"texture":"#0"},"south":{"uv":[8.46875,8.1875,8.640625,8.234375],"tintindex":0,"texture":"#0"},"west":{"uv":[8.25,8.1875,8.46875,8.234375],"tintindex":0,"texture":"#0"},"up":{"uv":[8.25,8.1875,8.078125,7.96875],"tintindex":0,"texture":"#0"},"down":{"uv":[8.421875,7.96875,8.25,8.1875],"tintindex":0,"texture":"#0"}}}]}