{"textures":{"0":"bettermodel:item/a","particle":"bettermodel:item/a"},"elements":[{"from":[6.736842,6.315789,2.1052632],"to":[9.263158,9.684211,8.0],"faces":{"north":{"uv":[3.421875,4.546875,3.46875,4.609375],"tintindex":0,"texture":"#0"},"east":{"uv":[3.3125,4.546875,3.421875,4.609375],"tintindex":0,"texture":"#0"},"south":{"uv":[3.578125,4.546875,3.625,4.609375],"tintindex":0,"texture":"#0"},"west":{"uv":[3.46875,4.546875,3.578125,4.609375],"tintindex":0,"texture":"#0"},"up":{"uv":[3.46875,4.546875,3.421875,4.4375],"tintindex":0,"texture":"#0"},"down":{"uv":[3.515625,4.4375,3.46875,4.546875],"tintindex":0,"texture":"#0"}}},{"from":[8.0,5.4736843,-8.0],"to":[8.0,12.210526,2.9473686],"faces":{"north":{"uv":[1.671875,4.65625,1.671875,4.78125],"tintindex":0,"texture":"#0"},"east":{"uv":[1.46875,4.65625,1.671875,4.78125],"tintindex":0,"texture":"#0"},"south":{"uv":[1.875,4.65625,1.875,4.78125],"tintindex":0,"texture":"#0"},"west":{"uv":[1.671875,4.65625,1.875,4.78125],"tintindex":0,"texture":"#0"},"up":{"uv":[1.671875,4.65625,1.671875,4.453125],"tintindex":0,"texture":"#0"},"down":{"uv":[1.671875,4.453125,1.671875,4.65625],"tintindex":0,"texture":"#0"}}}]}