{"textures":{"0":"bettermodel:item/a","particle":"bettermodel:item/a"},"elements":[{"from":[6.2749634,4.759206,8.0],"to":[14.9001465,13.38439,21.269512],"faces":{"north":{"uv":[1.765625,5.9375,1.96875,6.140625],"tintindex":0,"texture":"#0"},"east":{"uv":[1.453125,5.9375,1.765625,6.140625],"tintindex":0,"texture":"#0"},"south":{"uv":[2.28125,5.9375,2.484375,6.140625],"tintindex":0,"texture":"#0"},"west":{"uv":[1.96875,5.9375,2.28125,6.140625],"tintindex":0,"texture":"#0"},"up":{"uv":[1.96875,5.9375,1.765625,5.625],"tintindex":0,"texture":"#0"},"down":{"uv":[2.171875,5.625,1.96875,5.9375],"tintindex":0,"texture":"#0"}},"rotation":{"angle":-45.0,"axis":"z","origin":[8.0,11.659353,0.03829193]}},{"from":[8.0,4.759206,8.0],"to":[8.0,24.0,21.269512],"faces":{"north":{"uv":[1.6875,7.34375,1.6875,7.796875],"tintindex":0,"texture":"#0"},"east":{"uv":[1.375,7.34375,1.6875,7.796875],"tintindex":0,"texture":"#0"},"south":{"uv":[2.0,7.34375,2.0,7.796875],"tintindex":0,"texture":"#0"},"west":{"uv":[1.6875,7.34375,2.0,7.796875],"tintindex":0,"texture":"#0"},"up":{"uv":[1.6875,7.34375,1.6875,7.03125],"tintindex":0,"texture":"#0"},"down":{"uv":[1.6875,7.03125,1.6875,7.34375],"tintindex":0,"texture":"#0"}}}]}