{"textures":{"0":"bettermodel:item/a","particle":"bettermodel:item/a"},"elements":[{"from":[6.2749634,4.759206,8.0],"to":[14.9001465,13.38439,21.269512],"faces":{"north":{"uv":[2.8125,5.6875,3.015625,5.890625],"tintindex":0,"texture":"#0"},"east":{"uv":[2.5,5.6875,2.8125,5.890625],"tintindex":0,"texture":"#0"},"south":{"uv":[3.328125,5.6875,3.53125,5.890625],"tintindex":0,"texture":"#0"},"west":{"uv":[3.015625,5.6875,3.328125,5.890625],"tintindex":0,"texture":"#0"},"up":{"uv":[3.015625,5.6875,2.8125,5.375],"tintindex":0,"texture":"#0"},"down":{"uv":[3.21875,5.375,3.015625,5.6875],"tintindex":0,"texture":"#0"}},"rotation":{"angle":-45.0,"axis":"z","origin":[8.0,11.659353,-13.23122]}},{"from":[8.0,4.759206,8.0],"to":[8.0,24.0,21.269512],"faces":{"north":{"uv":[3.21875,6.796875,3.21875,7.25],"tintindex":0,"texture":"#0"},"east":{"uv":[2.90625,6.796875,3.21875,7.25],"tintindex":0,"texture":"#0"},"south":{"uv":[3.53125,6.796875,3.53125,7.25],"tintindex":0,"texture":"#0"},"west":{"uv":[3.21875,6.796875,3.53125,7.25],"tintindex":0,"texture":"#0"},"up":{"uv":[3.21875,6.796875,3.21875,6.484375],"tintindex":0,"texture":"#0"},"down":{"uv":[3.21875,6.484375,3.21875,6.796875],"tintindex":0,"texture":"#0"}}}]}