{"textures":{"0":"bettermodel:item/a","particle":"bettermodel:item/a"},"elements":[{"from":[7.0518517,5.698032,8.0],"to":[13.57037,12.216551,19.851852],"faces":{"north":{"uv":[0.3125,7.328125,0.484375,7.5],"tintindex":0,"texture":"#0"},"east":{"uv":[0.0,7.328125,0.3125,7.5],"tintindex":0,"texture":"#0"},"south":{"uv":[0.796875,7.328125,0.96875,7.5],"tintindex":0,"texture":"#0"},"west":{"uv":[0.484375,7.328125,0.796875,7.5],"tintindex":0,"texture":"#0"},"up":{"uv":[0.484375,7.328125,0.3125,7.015625],"tintindex":0,"texture":"#0"},"down":{"uv":[0.65625,7.015625,0.484375,7.328125],"tintindex":0,"texture":"#0"}},"rotation":{"angle":-45.0,"axis":"z","origin":[8.0,11.268403,-34.666668]}},{"from":[8.0,5.105439,8.0],"to":[8.0,22.290625,19.851852],"faces":{"north":{"uv":[0.3125,6.5,0.3125,6.953125],"tintindex":0,"texture":"#0"},"east":{"uv":[0.0,6.5,0.3125,6.953125],"tintindex":0,"texture":"#0"},"south":{"uv":[0.625,6.5,0.625,6.953125],"tintindex":0,"texture":"#0"},"west":{"uv":[0.3125,6.5,0.625,6.953125],"tintindex":0,"texture":"#0"},"up":{"uv":[0.3125,6.5,0.3125,6.1875],"tintindex":0,"texture":"#0"},"down":{"uv":[0.3125,6.1875,0.3125,6.5],"tintindex":0,"texture":"#0"}}},{"from":[-8.0,8.068402,8.0],"to":[24.0,8.068402,19.851852],"faces":{"north":{"uv":[1.59375,1.046875,2.4375,1.046875],"tintindex":0,"texture":"#0"},"east":{"uv":[1.28125,1.046875,1.59375,1.046875],"tintindex":0,"texture":"#0"},"south":{"uv":[2.75,1.046875,3.59375,1.046875],"tintindex":0,"texture":"#0"},"west":{"uv":[2.4375,1.046875,2.75,1.046875],"tintindex":0,"texture":"#0"},"up":{"uv":[2.4375,1.046875,1.59375,0.734375],"tintindex":0,"texture":"#0"},"down":{"uv":[3.28125,0.734375,2.4375,1.046875],"tintindex":0,"texture":"#0"}}}]}