{"textures":{"0":"bettermodel:item/a","particle":"bettermodel:item/a"},"elements":[{"from":[7.2941175,8.235294,8.0],"to":[8.705882,9.6470585,12.705883],"faces":{"north":{"uv":[2.515625,6.75,2.5625,6.796875],"tintindex":0,"texture":"#0"},"east":{"uv":[2.359375,6.75,2.515625,6.796875],"tintindex":0,"texture":"#0"},"south":{"uv":[2.71875,6.75,2.765625,6.796875],"tintindex":0,"texture":"#0"},"west":{"uv":[2.5625,6.75,2.71875,6.796875],"tintindex":0,"texture":"#0"},"up":{"uv":[2.5625,6.75,2.515625,6.59375],"tintindex":0,"texture":"#0"},"down":{"uv":[2.609375,6.59375,2.5625,6.75],"tintindex":0,"texture":"#0"}}},{"from":[8.0,-5.1764708,6.117647],"to":[8.0,18.352942,24.0],"faces":{"north":{"uv":[0.59375,2.8125,0.59375,3.59375],"tintindex":0,"texture":"#0"},"east":{"uv":[0.0,2.8125,0.59375,3.59375],"tintindex":0,"texture":"#0"},"south":{"uv":[1.1875,2.8125,1.1875,3.59375],"tintindex":0,"texture":"#0"},"west":{"uv":[0.59375,2.8125,1.1875,3.59375],"tintindex":0,"texture":"#0"},"up":{"uv":[0.59375,2.8125,0.59375,2.21875],"tintindex":0,"texture":"#0"},"down":{"uv":[0.59375,2.21875,0.59375,2.8125],"tintindex":0,"texture":"#0"}}}]}