{"textures":{"0":"bettermodel:item/a","particle":"bettermodel:item/a"},"elements":[{"from":[3.5705562,4.9803696,-3.2189693],"to":[6.570556,7.98037,8.781031],"faces":{"north":{"uv":[2.359375,5.890625,2.40625,5.9375],"tintindex":0,"texture":"#0"},"east":{"uv":[2.171875,5.890625,2.359375,5.9375],"tintindex":0,"texture":"#0"},"south":{"uv":[2.59375,5.890625,2.640625,5.9375],"tintindex":0,"texture":"#0"},"west":{"uv":[2.40625,5.890625,2.59375,5.9375],"tintindex":0,"texture":"#0"},"up":{"uv":[2.40625,5.890625,2.359375,5.703125],"tintindex":0,"texture":"#0"},"down":{"uv":[2.453125,5.703125,2.40625,5.890625],"tintindex":0,"texture":"#0"}}},{"from":[4.070556,7.98037,-3.2189693],"to":[4.070556,11.98037,8.781031],"faces":{"north":{"uv":[15.8125,15.9375,15.8125,16.0],"tintindex":0,"texture":"#0"},"east":{"uv":[15.625,15.9375,15.8125,16.0],"tintindex":0,"texture":"#0"},"south":{"uv":[16.0,15.9375,16.0,16.0],"tintindex":0,"texture":"#0"},"west":{"uv":[15.8125,15.9375,16.0,16.0],"tintindex":0,"texture":"#0"},"up":{"uv":[15.8125,15.9375,15.8125,15.75],"tintindex":0,"texture":"#0"},"down":{"uv":[15.8125,15.75,15.8125,15.9375],"tintindex":0,"texture":"#0"}}}],"display":{"fixed":{"rotation":[-0.044081595,-9.999905,-0.2538566]}}}