{"textures":{"0":"bettermodel:item/a","particle":"bettermodel:item/a"},"elements":[{"from":[9.429443,4.9803696,-3.2189693],"to":[12.429443,7.98037,8.781031],"faces":{"north":{"uv":[2.484375,6.140625,2.53125,6.1875],"tintindex":0,"texture":"#0"},"east":{"uv":[2.296875,6.140625,2.484375,6.1875],"tintindex":0,"texture":"#0"},"south":{"uv":[2.71875,6.140625,2.765625,6.1875],"tintindex":0,"texture":"#0"},"west":{"uv":[2.53125,6.140625,2.71875,6.1875],"tintindex":0,"texture":"#0"},"up":{"uv":[2.53125,6.140625,2.484375,5.953125],"tintindex":0,"texture":"#0"},"down":{"uv":[2.578125,5.953125,2.53125,6.140625],"tintindex":0,"texture":"#0"}}},{"from":[11.929443,7.98037,-3.2189693],"to":[11.929443,11.98037,8.781031],"faces":{"north":{"uv":[15.4375,15.9375,15.4375,16.0],"tintindex":0,"texture":"#0"},"east":{"uv":[15.25,15.9375,15.4375,16.0],"tintindex":0,"texture":"#0"},"south":{"uv":[15.625,15.9375,15.625,16.0],"tintindex":0,"texture":"#0"},"west":{"uv":[15.4375,15.9375,15.625,16.0],"tintindex":0,"texture":"#0"},"up":{"uv":[15.4375,15.9375,15.4375,15.75],"tintindex":0,"texture":"#0"},"down":{"uv":[15.4375,15.75,15.4375,15.9375],"tintindex":0,"texture":"#0"}}}],"display":{"fixed":{"rotation":[-0.044081595,9.999905,0.2538566]}}}