{"textures":{"0":"bettermodel:item/a","particle":"bettermodel:item/a"},"elements":[{"from":[9.592341,8.076584,8.0],"to":[11.582768,10.067011,21.269512],"faces":{"north":{"uv":[8.203125,5.296875,8.25,5.34375],"tintindex":0,"texture":"#0"},"east":{"uv":[7.890625,5.296875,8.203125,5.34375],"tintindex":0,"texture":"#0"},"south":{"uv":[8.5625,5.296875,8.609375,5.34375],"tintindex":0,"texture":"#0"},"west":{"uv":[8.25,5.296875,8.5625,5.34375],"tintindex":0,"texture":"#0"},"up":{"uv":[8.25,5.296875,8.203125,4.984375],"tintindex":0,"texture":"#0"},"down":{"uv":[8.296875,4.984375,8.25,5.296875],"tintindex":0,"texture":"#0"}},"rotation":{"angle":-45.0,"axis":"z","origin":[8.0,11.659353,-132.65685]}},{"from":[8.0,6.749633,8.0],"to":[8.0,24.0,21.269512],"faces":{"north":{"uv":[3.84375,7.34375,3.84375,7.75],"tintindex":0,"texture":"#0"},"east":{"uv":[3.53125,7.34375,3.84375,7.75],"tintindex":0,"texture":"#0"},"south":{"uv":[4.15625,7.34375,4.15625,7.75],"tintindex":0,"texture":"#0"},"west":{"uv":[3.84375,7.34375,4.15625,7.75],"tintindex":0,"texture":"#0"},"up":{"uv":[3.84375,7.34375,3.84375,7.03125],"tintindex":0,"texture":"#0"},"down":{"uv":[3.84375,7.03125,3.84375,7.34375],"tintindex":0,"texture":"#0"}}}]}