{"textures":{"0":"bettermodel:item/a","particle":"bettermodel:item/a"},"elements":[{"from":[5.5,5.0,-5.0],"to":[10.5,8.0,8.0],"faces":{"north":{"uv":[0.203125,0.203125,0.28125,0.25],"tintindex":0,"texture":"#0"},"east":{"uv":[0.0,0.203125,0.203125,0.25],"tintindex":0,"texture":"#0"},"south":{"uv":[0.484375,0.203125,0.5625,0.25],"tintindex":0,"texture":"#0"},"west":{"uv":[0.28125,0.203125,0.484375,0.25],"tintindex":0,"texture":"#0"},"up":{"uv":[0.28125,0.203125,0.203125,0.0],"tintindex":0,"texture":"#0"},"down":{"uv":[0.359375,0.0,0.28125,0.203125],"tintindex":0,"texture":"#0"}}},{"from":[6.0,8.0,-4.5],"to":[10.0,12.0,-3.5],"faces":{"north":{"uv":[15.109375,15.9375,15.171875,16.0],"tintindex":0,"texture":"#0"},"east":{"uv":[15.09375,15.9375,15.109375,16.0],"tintindex":0,"texture":"#0"},"south":{"uv":[15.1875,15.9375,15.25,16.0],"tintindex":0,"texture":"#0"},"west":{"uv":[15.171875,15.9375,15.1875,16.0],"tintindex":0,"texture":"#0"},"up":{"uv":[15.171875,15.9375,15.109375,15.921875],"tintindex":0,"texture":"#0"},"down":{"uv":[15.234375,15.921875,15.171875,15.9375],"tintindex":0,"texture":"#0"}}}]}