{"textures":{"0":"bettermodel:item/a","particle":"bettermodel:item/a"},"elements":[{"from":[6.736842,6.315789,2.1052632],"to":[9.263158,9.684211,8.0],"faces":{"north":{"uv":[1.578125,2.921875,1.625,2.984375],"tintindex":0,"texture":"#0"},"east":{"uv":[1.46875,2.921875,1.578125,2.984375],"tintindex":0,"texture":"#0"},"south":{"uv":[1.734375,2.921875,1.78125,2.984375],"tintindex":0,"texture":"#0"},"west":{"uv":[1.625,2.921875,1.734375,2.984375],"tintindex":0,"texture":"#0"},"up":{"uv":[1.625,2.921875,1.578125,2.8125],"tintindex":0,"texture":"#0"},"down":{"uv":[1.671875,2.8125,1.625,2.921875],"tintindex":0,"texture":"#0"}}},{"from":[8.0,5.4736843,-8.0],"to":[8.0,12.210526,2.9473686],"faces":{"north":{"uv":[1.046875,1.1875,1.046875,1.3125],"tintindex":0,"texture":"#0"},"east":{"uv":[0.84375,1.1875,1.046875,1.3125],"tintindex":0,"texture":"#0"},"south":{"uv":[1.25,1.1875,1.25,1.3125],"tintindex":0,"texture":"#0"},"west":{"uv":[1.046875,1.1875,1.25,1.3125],"tintindex":0,"texture":"#0"},"up":{"uv":[1.046875,1.1875,1.046875,0.984375],"tintindex":0,"texture":"#0"},"down":{"uv":[1.046875,0.984375,1.046875,1.1875],"tintindex":0,"texture":"#0"}}}]}