{"textures":{"0":"bettermodel:item/a","particle":"bettermodel:item/a"},"elements":[{"from":[8.0,5.8461537,5.8461537],"to":[12.307693,10.153847,10.153847],"faces":{"north":{"uv":[7.734375,7.75,7.953125,7.96875],"tintindex":0,"texture":"#0"},"east":{"uv":[7.515625,7.75,7.734375,7.96875],"tintindex":0,"texture":"#0"},"south":{"uv":[8.171875,7.75,8.390625,7.96875],"tintindex":0,"texture":"#0"},"west":{"uv":[7.953125,7.75,8.171875,7.96875],"tintindex":0,"texture":"#0"},"up":{"uv":[7.953125,7.75,7.734375,7.53125],"tintindex":0,"texture":"#0"},"down":{"uv":[8.171875,7.53125,7.953125,7.75],"tintindex":0,"texture":"#0"}}},{"from":[5.8461537,8.0,-8.0],"to":[14.461538,8.0,5.8461537],"faces":{"north":{"uv":[1.625,2.140625,2.0625,2.140625],"tintindex":0,"texture":"#0"},"east":{"uv":[0.921875,2.140625,1.625,2.140625],"tintindex":0,"texture":"#0"},"south":{"uv":[2.765625,2.140625,3.203125,2.140625],"tintindex":0,"texture":"#0"},"west":{"uv":[2.0625,2.140625,2.765625,2.140625],"tintindex":0,"texture":"#0"},"up":{"uv":[2.0625,2.140625,1.625,1.4375],"tintindex":0,"texture":"#0"},"down":{"uv":[2.5,1.4375,2.0625,2.140625],"tintindex":0,"texture":"#0"}}}]}