{"textures":{"0":"bettermodel:item/a","particle":"bettermodel:item/a"},"elements":[{"from":[6.736842,6.315789,2.1052632],"to":[9.263158,9.684211,8.0],"faces":{"north":{"uv":[3.359375,1.90625,3.40625,1.96875],"tintindex":0,"texture":"#0"},"east":{"uv":[3.25,1.90625,3.359375,1.96875],"tintindex":0,"texture":"#0"},"south":{"uv":[3.515625,1.90625,3.5625,1.96875],"tintindex":0,"texture":"#0"},"west":{"uv":[3.40625,1.90625,3.515625,1.96875],"tintindex":0,"texture":"#0"},"up":{"uv":[3.40625,1.90625,3.359375,1.796875],"tintindex":0,"texture":"#0"},"down":{"uv":[3.453125,1.796875,3.40625,1.90625],"tintindex":0,"texture":"#0"}}},{"from":[8.0,5.4736843,-8.0],"to":[8.0,12.210526,2.9473686],"faces":{"north":{"uv":[1.671875,4.03125,1.671875,4.15625],"tintindex":0,"texture":"#0"},"east":{"uv":[1.46875,4.03125,1.671875,4.15625],"tintindex":0,"texture":"#0"},"south":{"uv":[1.875,4.03125,1.875,4.15625],"tintindex":0,"texture":"#0"},"west":{"uv":[1.671875,4.03125,1.875,4.15625],"tintindex":0,"texture":"#0"},"up":{"uv":[1.671875,4.03125,1.671875,3.828125],"tintindex":0,"texture":"#0"},"down":{"uv":[1.671875,3.828125,1.671875,4.03125],"tintindex":0,"texture":"#0"}}}]}