{"textures":{"0":"bettermodel:item/a","particle":"bettermodel:item/a"},"elements":[{"from":[6.736842,6.315789,2.1052632],"to":[9.263158,9.684211,8.0],"faces":{"north":{"uv":[3.390625,0.109375,3.4375,0.171875],"tintindex":0,"texture":"#0"},"east":{"uv":[3.28125,0.109375,3.390625,0.171875],"tintindex":0,"texture":"#0"},"south":{"uv":[3.546875,0.109375,3.59375,0.171875],"tintindex":0,"texture":"#0"},"west":{"uv":[3.4375,0.109375,3.546875,0.171875],"tintindex":0,"texture":"#0"},"up":{"uv":[3.4375,0.109375,3.390625,0.0],"tintindex":0,"texture":"#0"},"down":{"uv":[3.484375,0.0,3.4375,0.109375],"tintindex":0,"texture":"#0"}}},{"from":[8.0,5.4736843,-8.0],"to":[8.0,12.210526,2.9473686],"faces":{"north":{"uv":[2.078125,4.03125,2.078125,4.15625],"tintindex":0,"texture":"#0"},"east":{"uv":[1.875,4.03125,2.078125,4.15625],"tintindex":0,"texture":"#0"},"south":{"uv":[2.28125,4.03125,2.28125,4.15625],"tintindex":0,"texture":"#0"},"west":{"uv":[2.078125,4.03125,2.28125,4.15625],"tintindex":0,"texture":"#0"},"up":{"uv":[2.078125,4.03125,2.078125,3.828125],"tintindex":0,"texture":"#0"},"down":{"uv":[2.078125,3.828125,2.078125,4.03125],"tintindex":0,"texture":"#0"}}}]}