{"textures":{"0":"bettermodel:item/a","particle":"bettermodel:item/a"},"elements":[{"from":[5.5,-8.0,3.0],"to":[10.5,8.0,8.0],"faces":{"north":{"uv":[3.53125,7.90625,3.6875,8.40625],"tintindex":0,"texture":"#0"},"east":{"uv":[3.375,7.90625,3.53125,8.40625],"tintindex":0,"texture":"#0"},"south":{"uv":[3.84375,7.90625,4.0,8.40625],"tintindex":0,"texture":"#0"},"west":{"uv":[3.6875,7.90625,3.84375,8.40625],"tintindex":0,"texture":"#0"},"up":{"uv":[3.6875,7.90625,3.53125,7.75],"tintindex":0,"texture":"#0"},"down":{"uv":[3.84375,7.75,3.6875,7.90625],"tintindex":0,"texture":"#0"}}},{"from":[8.0,-8.0,8.0],"to":[8.0,13.0,14.5],"faces":{"north":{"uv":[3.359375,3.40625,3.359375,4.0625],"tintindex":0,"texture":"#0"},"east":{"uv":[3.15625,3.40625,3.359375,4.0625],"tintindex":0,"texture":"#0"},"south":{"uv":[3.5625,3.40625,3.5625,4.0625],"tintindex":0,"texture":"#0"},"west":{"uv":[3.359375,3.40625,3.5625,4.0625],"tintindex":0,"texture":"#0"},"up":{"uv":[3.359375,3.40625,3.359375,3.203125],"tintindex":0,"texture":"#0"},"down":{"uv":[3.359375,3.203125,3.359375,3.40625],"tintindex":0,"texture":"#0"}}}]}