{"textures":{"0":"bettermodel:item/a","particle":"bettermodel:item/a"},"elements":[{"from":[4.837867,6.1639347,-4.228182],"to":[6.4116373,8.131147,-2.6544113],"faces":{"north":{"uv":[0.046875,0.140625,0.09375,0.1875],"tintindex":0,"texture":"#0"},"east":{"uv":[0.0,0.140625,0.046875,0.1875],"tintindex":0,"texture":"#0"},"south":{"uv":[0.140625,0.140625,0.1875,0.1875],"tintindex":0,"texture":"#0"},"west":{"uv":[0.09375,0.140625,0.140625,0.1875],"tintindex":0,"texture":"#0"},"up":{"uv":[0.09375,0.140625,0.046875,0.09375],"tintindex":0,"texture":"#0"},"down":{"uv":[0.140625,0.09375,0.09375,0.140625],"tintindex":0,"texture":"#0"}}},{"from":[4.837867,7.7377048,-3.7035913],"to":[6.4116373,8.262295,-2.6544113],"faces":{"north":{"uv":[0.1875,0.28125,0.234375,0.296875],"tintindex":0,"texture":"#0"},"east":{"uv":[0.15625,0.28125,0.1875,0.296875],"tintindex":0,"texture":"#0"},"south":{"uv":[0.265625,0.28125,0.3125,0.296875],"tintindex":0,"texture":"#0"},"west":{"uv":[0.234375,0.28125,0.265625,0.296875],"tintindex":0,"texture":"#0"},"up":{"uv":[0.234375,0.28125,0.1875,0.25],"tintindex":0,"texture":"#0"},"down":{"uv":[0.28125,0.25,0.234375,0.28125],"tintindex":0,"texture":"#0"}}},{"from":[4.837867,6.1639347,-2.6544113],"to":[6.4116373,9.311476,2.0669003],"faces":{"north":{"uv":[3.390625,1.46875,3.4375,1.5625],"tintindex":0,"texture":"#0"},"east":{"uv":[3.25,1.46875,3.390625,1.5625],"tintindex":0,"texture":"#0"},"south":{"uv":[3.578125,1.46875,3.625,1.5625],"tintindex":0,"texture":"#0"},"west":{"uv":[3.4375,1.46875,3.578125,1.5625],"tintindex":0,"texture":"#0"},"up":{"uv":[3.4375,1.46875,3.390625,1.328125],"tintindex":0,"texture":"#0"},"down":{"uv":[3.484375,1.328125,3.4375,1.46875],"tintindex":0,"texture":"#0"}}},{"from":[4.969014,4.0655737,-3.7035913],"to":[4.969014,6.1639347,2.0669003],"faces":{"north":{"uv":[15.484375,15.875,15.484375,15.9375],"tintindex":0,"texture":"#0"},"east":{"uv":[15.3125,15.875,15.484375,15.9375],"tintindex":0,"texture":"#0"},"south":{"uv":[15.65625,15.875,15.65625,15.9375],"tintindex":0,"texture":"#0"},"west":{"uv":[15.484375,15.875,15.65625,15.9375],"tintindex":0,"texture":"#0"},"up":{"uv":[15.484375,15.875,15.484375,15.703125],"tintindex":0,"texture":"#0"},"down":{"uv":[15.484375,15.703125,15.484375,15.875],"tintindex":0,"texture":"#0"}}}],"display":{"fixed":{"rotation":[0.0,-7.5000005,0.0]}}}