{"textures":{"0":"bettermodel:item/a","particle":"bettermodel:item/a"},"elements":[{"from":[6.7200003,6.7200003,8.0],"to":[9.28,9.28,10.559999],"faces":{"north":{"uv":[0.96875,3.71875,1.09375,3.84375],"tintindex":-2,"texture":"#0"},"east":{"uv":[0.84375,3.71875,0.96875,3.84375],"tintindex":-2,"texture":"#0"},"south":{"uv":[1.21875,3.71875,1.34375,3.84375],"tintindex":-2,"texture":"#0"},"west":{"uv":[1.09375,3.71875,1.21875,3.84375],"tintindex":-2,"texture":"#0"},"up":{"uv":[1.09375,3.71875,0.96875,3.59375],"tintindex":-2,"texture":"#0"},"down":{"uv":[1.21875,3.59375,1.09375,3.71875],"tintindex":-2,"texture":"#0"}}},{"from":[4.16,8.0,10.559999],"to":[11.84,8.0,24.0],"faces":{"north":{"uv":[2.875,2.75,3.25,2.75],"tintindex":-2,"texture":"#0"},"east":{"uv":[2.21875,2.75,2.875,2.75],"tintindex":-2,"texture":"#0"},"south":{"uv":[3.90625,2.75,4.28125,2.75],"tintindex":-2,"texture":"#0"},"west":{"uv":[3.25,2.75,3.90625,2.75],"tintindex":-2,"texture":"#0"},"up":{"uv":[3.25,2.75,2.875,2.09375],"tintindex":-2,"texture":"#0"},"down":{"uv":[3.625,2.09375,3.25,2.75],"tintindex":-2,"texture":"#0"}}}]}