{"textures":{"0":"bettermodel:item/a","particle":"bettermodel:item/a"},"elements":[{"from":[6.857143,7.714286,8.0],"to":[7.428571,8.285714,13.142857],"faces":{"north":{"uv":[3.453125,4.75,3.46875,4.765625],"tintindex":-2,"texture":"#0"},"east":{"uv":[3.3125,4.75,3.453125,4.765625],"tintindex":-2,"texture":"#0"},"south":{"uv":[3.609375,4.75,3.625,4.765625],"tintindex":-2,"texture":"#0"},"west":{"uv":[3.46875,4.75,3.609375,4.765625],"tintindex":-2,"texture":"#0"},"up":{"uv":[3.46875,4.75,3.453125,4.609375],"tintindex":-2,"texture":"#0"},"down":{"uv":[3.484375,4.609375,3.46875,4.75],"tintindex":-2,"texture":"#0"}}},{"from":[0.5714288,8.0,2.2857141],"to":[10.857143,8.0,24.0],"faces":{"north":{"uv":[0.59375,0.59375,0.875,0.59375],"tintindex":-2,"texture":"#0"},"east":{"uv":[0.0,0.59375,0.59375,0.59375],"tintindex":-2,"texture":"#0"},"south":{"uv":[1.46875,0.59375,1.75,0.59375],"tintindex":-2,"texture":"#0"},"west":{"uv":[0.875,0.59375,1.46875,0.59375],"tintindex":-2,"texture":"#0"},"up":{"uv":[0.875,0.59375,0.59375,0.0],"tintindex":-2,"texture":"#0"},"down":{"uv":[1.15625,0.0,0.875,0.59375],"tintindex":-2,"texture":"#0"}}}]}