{"textures":{"0":"bettermodel:item/a","particle":"bettermodel:item/a"},"elements":[{"from":[6.938439,5.422682,8.0],"to":[14.236671,12.720914,21.269512],"faces":{"north":{"uv":[2.96875,4.84375,3.140625,5.015625],"tintindex":-2,"texture":"#0"},"east":{"uv":[2.65625,4.84375,2.96875,5.015625],"tintindex":-2,"texture":"#0"},"south":{"uv":[3.453125,4.84375,3.625,5.015625],"tintindex":-2,"texture":"#0"},"west":{"uv":[3.140625,4.84375,3.453125,5.015625],"tintindex":-2,"texture":"#0"},"up":{"uv":[3.140625,4.84375,2.96875,4.53125],"tintindex":-2,"texture":"#0"},"down":{"uv":[3.3125,4.53125,3.140625,4.84375],"tintindex":-2,"texture":"#0"}},"rotation":{"angle":-45.0,"axis":"z","origin":[8.0,11.659353,-26.500732]}},{"from":[8.0,4.759206,8.0],"to":[8.0,24.0,21.269512],"faces":{"north":{"uv":[0.9375,6.5,0.9375,6.953125],"tintindex":-2,"texture":"#0"},"east":{"uv":[0.625,6.5,0.9375,6.953125],"tintindex":-2,"texture":"#0"},"south":{"uv":[1.25,6.5,1.25,6.953125],"tintindex":-2,"texture":"#0"},"west":{"uv":[0.9375,6.5,1.25,6.953125],"tintindex":-2,"texture":"#0"},"up":{"uv":[0.9375,6.5,0.9375,6.1875],"tintindex":-2,"texture":"#0"},"down":{"uv":[0.9375,6.1875,0.9375,6.5],"tintindex":-2,"texture":"#0"}}}]}