{"textures":{"0":"bettermodel:item/a","particle":"bettermodel:item/a"},"elements":[{"from":[7.6019144,6.0861573,8.0],"to":[13.573195,12.057438,21.269512],"faces":{"north":{"uv":[7.609375,5.609375,7.75,5.75],"tintindex":-2,"texture":"#0"},"east":{"uv":[7.296875,5.609375,7.609375,5.75],"tintindex":-2,"texture":"#0"},"south":{"uv":[8.0625,5.609375,8.203125,5.75],"tintindex":-2,"texture":"#0"},"west":{"uv":[7.75,5.609375,8.0625,5.75],"tintindex":-2,"texture":"#0"},"up":{"uv":[7.75,5.609375,7.609375,5.296875],"tintindex":-2,"texture":"#0"},"down":{"uv":[7.890625,5.296875,7.75,5.609375],"tintindex":-2,"texture":"#0"}},"rotation":{"angle":-45.0,"axis":"z","origin":[8.0,11.659353,-53.03976]}},{"from":[8.0,4.759206,8.0],"to":[8.0,24.0,21.269512],"faces":{"north":{"uv":[3.21875,6.34375,3.21875,6.796875],"tintindex":-2,"texture":"#0"},"east":{"uv":[2.90625,6.34375,3.21875,6.796875],"tintindex":-2,"texture":"#0"},"south":{"uv":[3.53125,6.34375,3.53125,6.796875],"tintindex":-2,"texture":"#0"},"west":{"uv":[3.21875,6.34375,3.53125,6.796875],"tintindex":-2,"texture":"#0"},"up":{"uv":[3.21875,6.34375,3.21875,6.03125],"tintindex":-2,"texture":"#0"},"down":{"uv":[3.21875,6.03125,3.21875,6.34375],"tintindex":-2,"texture":"#0"}}}]}