{"textures":{"0":"bettermodel:item/a","particle":"bettermodel:item/a"},"elements":[{"from":[7.6444445,6.2906246,8.0],"to":[12.9777775,11.623958,19.851852],"faces":{"north":{"uv":[2.3125,7.65625,2.453125,7.796875],"tintindex":-2,"texture":"#0"},"east":{"uv":[2.0,7.65625,2.3125,7.796875],"tintindex":-2,"texture":"#0"},"south":{"uv":[2.765625,7.65625,2.90625,7.796875],"tintindex":-2,"texture":"#0"},"west":{"uv":[2.453125,7.65625,2.765625,7.796875],"tintindex":-2,"texture":"#0"},"up":{"uv":[2.453125,7.65625,2.3125,7.34375],"tintindex":-2,"texture":"#0"},"down":{"uv":[2.59375,7.34375,2.453125,7.65625],"tintindex":-2,"texture":"#0"}},"rotation":{"angle":-45.0,"axis":"z","origin":[8.0,11.268403,-58.37037]}},{"from":[8.0,5.105439,8.0],"to":[8.0,22.290625,19.851852],"faces":{"north":{"uv":[3.21875,5.890625,3.21875,6.34375],"tintindex":-2,"texture":"#0"},"east":{"uv":[2.90625,5.890625,3.21875,6.34375],"tintindex":-2,"texture":"#0"},"south":{"uv":[3.53125,5.890625,3.53125,6.34375],"tintindex":-2,"texture":"#0"},"west":{"uv":[3.21875,5.890625,3.53125,6.34375],"tintindex":-2,"texture":"#0"},"up":{"uv":[3.21875,5.890625,3.21875,5.578125],"tintindex":-2,"texture":"#0"},"down":{"uv":[3.21875,5.578125,3.21875,5.890625],"tintindex":-2,"texture":"#0"}}},{"from":[-8.0,8.068402,8.0],"to":[24.0,8.068402,19.851852],"faces":{"north":{"uv":[1.46875,3.71875,2.3125,3.71875],"tintindex":-2,"texture":"#0"},"east":{"uv":[1.15625,3.71875,1.46875,3.71875],"tintindex":-2,"texture":"#0"},"south":{"uv":[2.625,3.71875,3.46875,3.71875],"tintindex":-2,"texture":"#0"},"west":{"uv":[2.3125,3.71875,2.625,3.71875],"tintindex":-2,"texture":"#0"},"up":{"uv":[2.3125,3.71875,1.46875,3.40625],"tintindex":-2,"texture":"#0"},"down":{"uv":[3.15625,3.40625,2.3125,3.71875],"tintindex":-2,"texture":"#0"}}}]}