{"textures":{"0":"bettermodel:item/a","particle":"bettermodel:item/a"},"elements":[{"from":[8.26539,6.749633,8.0],"to":[12.909719,11.393963,21.269512],"faces":{"north":{"uv":[5.859375,8.0625,5.96875,8.171875],"tintindex":-2,"texture":"#0"},"east":{"uv":[5.546875,8.0625,5.859375,8.171875],"tintindex":-2,"texture":"#0"},"south":{"uv":[6.28125,8.0625,6.390625,8.171875],"tintindex":-2,"texture":"#0"},"west":{"uv":[5.96875,8.0625,6.28125,8.171875],"tintindex":-2,"texture":"#0"},"up":{"uv":[5.96875,8.0625,5.859375,7.75],"tintindex":-2,"texture":"#0"},"down":{"uv":[6.078125,7.75,5.96875,8.0625],"tintindex":-2,"texture":"#0"}},"rotation":{"angle":-45.0,"axis":"z","origin":[8.0,11.659353,-79.57879]}},{"from":[8.0,6.749633,8.0],"to":[8.0,24.0,21.269512],"faces":{"north":{"uv":[0.3125,7.5,0.3125,7.90625],"tintindex":-2,"texture":"#0"},"east":{"uv":[0.0,7.5,0.3125,7.90625],"tintindex":-2,"texture":"#0"},"south":{"uv":[0.625,7.5,0.625,7.90625],"tintindex":-2,"texture":"#0"},"west":{"uv":[0.3125,7.5,0.625,7.90625],"tintindex":-2,"texture":"#0"},"up":{"uv":[0.3125,7.5,0.3125,7.1875],"tintindex":-2,"texture":"#0"},"down":{"uv":[0.3125,7.1875,0.3125,7.5],"tintindex":-2,"texture":"#0"}}}]}