{"textures":{"0":"bettermodel:item/a","particle":"bettermodel:item/a"},"elements":[{"from":[6.736842,6.315789,2.1052632],"to":[9.263158,9.684211,8.0],"faces":{"north":{"uv":[3.390625,0.625,3.4375,0.6875],"tintindex":-2,"texture":"#0"},"east":{"uv":[3.28125,0.625,3.390625,0.6875],"tintindex":-2,"texture":"#0"},"south":{"uv":[3.546875,0.625,3.59375,0.6875],"tintindex":-2,"texture":"#0"},"west":{"uv":[3.4375,0.625,3.546875,0.6875],"tintindex":-2,"texture":"#0"},"up":{"uv":[3.4375,0.625,3.390625,0.515625],"tintindex":-2,"texture":"#0"},"down":{"uv":[3.484375,0.515625,3.4375,0.625],"tintindex":-2,"texture":"#0"}}},{"from":[8.0,5.4736843,-8.0],"to":[8.0,12.210526,2.9473686],"faces":{"north":{"uv":[3.296875,4.0625,3.296875,4.1875],"tintindex":-2,"texture":"#0"},"east":{"uv":[3.09375,4.0625,3.296875,4.1875],"tintindex":-2,"texture":"#0"},"south":{"uv":[3.5,4.0625,3.5,4.1875],"tintindex":-2,"texture":"#0"},"west":{"uv":[3.296875,4.0625,3.5,4.1875],"tintindex":-2,"texture":"#0"},"up":{"uv":[3.296875,4.0625,3.296875,3.859375],"tintindex":-2,"texture":"#0"},"down":{"uv":[3.296875,3.859375,3.296875,4.0625],"tintindex":-2,"texture":"#0"}}}]}