{"textures":{"0":"bettermodel:item/a","particle":"bettermodel:item/a"},"elements":[{"from":[8.817021,8.039295,8.0],"to":[9.838298,9.060572,14.808511],"faces":{"north":{"uv":[5.296875,8.171875,5.34375,8.21875],"tintindex":-2,"texture":"#0"},"east":{"uv":[4.984375,8.171875,5.296875,8.21875],"tintindex":-2,"texture":"#0"},"south":{"uv":[5.65625,8.171875,5.703125,8.21875],"tintindex":-2,"texture":"#0"},"west":{"uv":[5.34375,8.171875,5.65625,8.21875],"tintindex":-2,"texture":"#0"},"up":{"uv":[5.34375,8.171875,5.296875,7.859375],"tintindex":-2,"texture":"#0"},"down":{"uv":[5.390625,7.859375,5.34375,8.171875],"tintindex":-2,"texture":"#0"}},"rotation":{"angle":-45.0,"axis":"z","origin":[8.0,9.877593,-70.97872]}},{"from":[8.0,7.3584437,8.0],"to":[8.0,16.209507,14.808511],"faces":{"north":{"uv":[3.21875,7.34375,3.21875,7.75],"tintindex":-2,"texture":"#0"},"east":{"uv":[2.90625,7.34375,3.21875,7.75],"tintindex":-2,"texture":"#0"},"south":{"uv":[3.53125,7.34375,3.53125,7.75],"tintindex":-2,"texture":"#0"},"west":{"uv":[3.21875,7.34375,3.53125,7.75],"tintindex":-2,"texture":"#0"},"up":{"uv":[3.21875,7.34375,3.21875,7.03125],"tintindex":-2,"texture":"#0"},"down":{"uv":[3.21875,7.03125,3.21875,7.34375],"tintindex":-2,"texture":"#0"}}},{"from":[-1.1914892,8.039295,8.0],"to":[17.19149,8.039295,24.0],"faces":{"north":{"uv":[1.59375,0.734375,2.4375,0.734375],"tintindex":-2,"texture":"#0"},"east":{"uv":[0.859375,0.734375,1.59375,0.734375],"tintindex":-2,"texture":"#0"},"south":{"uv":[3.171875,0.734375,4.015625,0.734375],"tintindex":-2,"texture":"#0"},"west":{"uv":[2.4375,0.734375,3.171875,0.734375],"tintindex":-2,"texture":"#0"},"up":{"uv":[2.4375,0.734375,1.59375,0.0],"tintindex":-2,"texture":"#0"},"down":{"uv":[3.28125,0.0,2.4375,0.734375],"tintindex":-2,"texture":"#0"}}}]}