{"textures":{"0":"bettermodel:item/a","particle":"bettermodel:item/a"},"elements":[{"from":[0.0,6.950001,-7.0],"to":[16.0,14.950001,1.0],"faces":{"north":{"uv":[4.609375,7.53125,5.109375,7.78125],"tintindex":-2,"texture":"#0"},"east":{"uv":[4.359375,7.53125,4.609375,7.78125],"tintindex":-2,"texture":"#0"},"south":{"uv":[5.359375,7.53125,5.859375,7.78125],"tintindex":-2,"texture":"#0"},"west":{"uv":[5.109375,7.53125,5.359375,7.78125],"tintindex":-2,"texture":"#0"},"up":{"uv":[5.109375,7.53125,4.609375,7.28125],"tintindex":-2,"texture":"#0"},"down":{"uv":[5.609375,7.28125,5.109375,7.53125],"tintindex":-2,"texture":"#0"}}},{"from":[-1.125,3.8250008,-8.0],"to":[10.125,15.075001,8.0],"faces":{"north":{"uv":[1.96875,5.03125,2.3125,5.375],"tintindex":-2,"texture":"#0"},"east":{"uv":[1.46875,5.03125,1.96875,5.375],"tintindex":-2,"texture":"#0"},"south":{"uv":[2.8125,5.03125,3.15625,5.375],"tintindex":-2,"texture":"#0"},"west":{"uv":[2.3125,5.03125,2.8125,5.375],"tintindex":-2,"texture":"#0"},"up":{"uv":[2.3125,5.03125,1.96875,4.53125],"tintindex":-2,"texture":"#0"},"down":{"uv":[2.65625,4.53125,2.3125,5.03125],"tintindex":-2,"texture":"#0"}},"rotation":{"angle":45.0,"axis":"z","origin":[8.0,12.950001,-4.0]}}]}